Date,Depth_to_Groundwater,Temperature,Drainage_Volume,River_Hydrometry,Rainfall
2009-01-01,-31.048571428571428,1.6571428571428573,-28164.918857142857,2.371428571428571,0.0
2009-01-08,-30.784285714285716,4.571428571428571,-29755.789714285715,2.314285714285714,2.0
2009-01-15,-30.419999999999998,7.528571428571429,-25463.190857142858,2.3,0.2
2009-01-22,-30.018571428571427,6.214285714285714,-23854.422857142858,2.5,4.1
2009-01-29,-29.79,5.771428571428571,-25210.532571428572,2.5,9.9
2009-02-05,-29.52285714285714,8.257142857142856,-25326.555428571428,2.757142857142857,3.3
2009-02-12,-29.375714285714285,1.5142857142857142,-25441.837714285713,2.585714285714286,0.8
2009-02-19,-29.111428571428572,4.0,-25206.089142857145,2.414285714285714,0.0
2009-02-26,-28.891428571428573,8.142857142857142,-28097.28,2.4,9.9
2009-03-05,-28.694285714285716,8.557142857142857,-28783.91314285714,2.414285714285714,12.2
2009-03-12,-28.625714285714285,10.142857142857142,-30018.198857142856,2.5,0.0
2009-03-19,-28.305714285714284,6.471428571428572,-27305.732571428573,2.557142857142857,3.4
2009-03-26,-28.131428571428575,12.585714285714285,-27678.85714285714,2.542857142857143,8.7
2009-04-02,-28.032857142857143,13.657142857142857,-28997.691428571427,2.5714285714285716,1.0
2009-04-09,-27.784285714285716,14.757142857142856,-27310.176,2.371428571428571,0.2
2009-04-16,-27.64428571428571,13.685714285714285,-27917.814857142857,2.314285714285714,8.1
2009-04-23,-27.494285714285716,13.614285714285714,-28880.55771428571,2.314285714285714,4.1
2009-04-30,-27.37857142857143,14.528571428571428,-28303.035428571427,2.3000000000000003,2.9
2009-05-07,-27.43,18.914285714285715,-32117.59542857143,2.1142857142857143,0.0
2009-05-14,-27.462857142857143,21.185714285714287,-33886.203428571425,2.1,0.0
2009-05-21,-27.615714285714287,24.25714285714286,-35739.730285714286,2.0285714285714285,0.0
2009-05-28,-27.405714285714286,17.62857142857143,-29132.722285714284,2.0571428571428574,28.6
2009-06-04,-27.391428571428573,20.857142857142858,-32619.57942857143,2.1,0.0
2009-06-11,-27.655714285714286,24.342857142857145,-34814.88,2.0142857142857142,0.0
2009-06-18,-27.631428571428575,20.428571428571427,-31658.56457142857,2.0,0.3
2009-06-25,-27.50714285714286,21.314285714285713,-27435.702857142856,2.085714285714286,0.0
2009-07-02,-27.377142857142854,23.728571428571428,-30460.690285714285,2.1142857142857143,0.5
2009-07-09,-27.527142857142856,24.228571428571428,-31732.004571428573,2.185714285714286,0.0
2009-07-16,-27.791428571428572,25.37142857142857,-32862.24,2.0,1.3
2009-07-23,-28.075714285714287,27.728571428571428,-33621.20228571429,1.957142857142857,0.0
2009-07-30,-28.185714285714287,25.271428571428572,-29555.588571428572,2.0,47.1
2009-08-06,-27.975714285714286,24.642857142857142,-27771.428571428572,2.042857142857143,0.1
2009-08-13,-28.074285714285715,26.542857142857144,-30658.05257142857,2.1285714285714286,0.0
2009-08-20,-28.367142857142856,27.142857142857142,-36924.64457142857,2.0,0.0
2009-08-27,-28.364285714285717,26.142857142857142,-34107.264,2.0,0.0
2009-09-03,-28.43285714285714,22.771428571428572,-33484.07314285714,2.0,0.0
2009-09-10,-28.415714285714284,19.62857142857143,-33047.629714285715,2.0,0.0
2009-09-17,-28.35571428571429,19.842857142857145,-31940.22857142857,2.0142857142857142,13.6
2009-09-24,-28.53857142857143,20.5,-35881.673142857144,1.9857142857142858,0.0
2009-10-01,-28.664285714285715,18.685714285714287,-36227.39657142857,1.9,0.0
2009-10-08,-28.698571428571427,15.757142857142858,-34546.669714285716,1.9714285714285715,10.7
2009-10-15,-28.722857142857144,9.128571428571428,-34660.224,1.9,0.0
2009-10-22,-28.827142857142857,13.685714285714285,-35441.280000000006,2.0,0.0
2009-10-29,-28.94857142857143,9.285714285714286,-36182.22171428571,1.9857142857142858,7.1
2009-11-05,-28.997142857142855,9.37142857142857,-35895.99085714285,2.0285714285714285,15.3
2009-11-12,-29.024285714285718,10.214285714285714,-32759.424,2.0,0.0
2009-11-19,-29.111428571428572,9.0,-33538.752,2.0,0.1
2009-11-26,-29.125714285714285,9.87142857142857,-33556.77257142857,2.1142857142857143,20.3
2009-12-03,-29.174285714285713,6.485714285714286,-32384.571428571428,2.2285714285714286,14.5
2009-12-10,-29.244285714285716,5.071428571428571,-34467.42857142857,2.242857142857143,2.7
2009-12-17,-29.31,4.2,-34561.97485714286,2.414285714285714,11.9
2009-12-24,-29.228571428571428,10.62857142857143,-28683.071999999996,2.742857142857143,13.6
2009-12-31,-29.118571428571432,7.114285714285714,-27844.37485714286,3.057142857142857,62.1
2010-01-07,-28.99285714285714,5.1571428571428575,-26982.843428571425,3.1999999999999997,3.7
2010-01-14,-28.84142857142857,3.3428571428571425,-27086.15314285714,2.5285714285714285,0.1
2010-01-21,-28.694285714285716,2.8285714285714287,-29221.714285714286,2.414285714285714,12.7
2010-01-28,-28.451428571428572,2.1285714285714286,-28145.046857142857,2.4714285714285715,0.0
2010-02-04,-28.352857142857143,4.371428571428572,-28536.438857142854,2.6571428571428575,22.7
2010-02-11,-28.261428571428574,4.714285714285714,-29152.224,2.6142857142857143,0.6
2010-02-18,-28.042857142857144,9.957142857142857,-28267.241142857143,3.057142857142857,1.7
2010-02-25,-27.794285714285714,10.985714285714286,-26876.448,2.857142857142857,7.3999999999999995
2010-03-04,-27.514285714285712,4.671428571428572,-28580.626285714283,2.642857142857143,6.0
2010-03-11,-27.31142857142857,6.428571428571429,-29869.344,2.6571428571428575,0.8
2010-03-18,-27.018571428571427,11.257142857142856,-29612.859428571428,2.5142857142857147,0.0
2010-03-25,-26.674285714285713,12.985714285714286,-29946.85714285714,2.4,0.0
2010-04-01,-26.47142857142857,10.214285714285714,-28560.13714285714,2.442857142857143,4.5
2010-04-08,-26.244285714285716,10.828571428571427,-28388.571428571428,2.3714285714285714,0.9
2010-04-15,-26.124285714285715,12.700000000000001,-28499.78057142857,2.3714285714285714,0.0
2010-04-22,-26.009999999999998,16.157142857142855,-29189.746285714285,2.314285714285714,0.0
2010-04-29,-25.83142857142857,16.6,-28332.164571428573,2.314285714285714,6.8
2010-05-06,-25.704285714285714,14.5,-28114.436571428574,2.3285714285714283,16.1
2010-05-13,-25.544285714285714,13.528571428571428,-27274.258285714284,2.9714285714285715,45.0
2010-05-20,-25.45285714285714,17.8,-29826.39085714286,2.5142857142857147,0.0
2010-05-27,-25.31142857142857,19.099999999999998,-30167.424,2.4,0.0
2010-06-03,-25.244285714285716,21.12857142857143,-30492.041142857142,2.2714285714285714,0.9
2010-06-10,-25.395714285714284,23.685714285714287,-30179.766857142855,2.0285714285714285,2.2
2010-06-17,-25.208571428571428,18.857142857142858,-28539.15428571429,2.3285714285714287,10.1
2010-06-24,-25.217142857142857,22.071428571428573,-29380.690285714285,2.0142857142857142,5.3
2010-07-01,-25.55,25.957142857142856,-31061.046857142857,2.0,0.0
2010-07-08,-25.834285714285716,26.74285714285714,-32111.547428571426,2.0,0.0
2010-07-15,-26.16,28.414285714285715,-32727.456000000002,2.0,0.0
2010-07-22,-26.344285714285714,24.342857142857145,-30230.249142857145,2.0,0.0
2010-07-29,-26.22,22.885714285714283,-29523.62057142857,2.0,0.0
2010-08-05,-26.361428571428572,23.099999999999998,-31960.717714285714,2.0,2.0
2010-08-12,-26.318571428571428,22.428571428571427,-29295.154285714285,2.0,15.399999999999999
2010-08-19,-26.40285714285714,26.214285714285715,-32911.85828571428,2.0,0.0
2010-08-26,-26.389999999999997,22.75714285714286,-29351.06742857143,2.0,0.0
2010-09-02,-26.458571428571428,21.114285714285717,-31218.048000000003,2.0,0.0
2010-09-09,-26.419999999999998,19.25714285714286,-30472.539428571432,2.042857142857143,14.100000000000001
2010-09-16,-26.397142857142857,19.342857142857145,-29814.665142857142,2.0571428571428574,0.1
2010-09-23,-26.365714285714287,15.985714285714286,-30635.712,2.0571428571428574,0.3
2010-09-30,-26.427142857142858,16.4,-31355.053714285714,2.042857142857143,10.0
2010-10-07,-26.385714285714283,14.842857142857143,-30542.770285714283,2.185714285714286,0.0
2010-10-14,-26.325714285714287,12.671428571428573,-30022.025142857143,2.0142857142857142,0.0
2010-10-21,-26.457142857142856,11.585714285714285,-31678.683428571425,2.0571428571428574,0.0
2010-10-28,-26.382857142857144,11.857142857142858,-29555.46514285714,2.1,17.4
2010-11-04,-26.31142857142857,11.585714285714287,-29113.097142857143,2.1714285714285717,25.3
2010-11-11,-26.34857142857143,11.214285714285714,-29258.002285714287,2.3428571428571425,0.1
2010-11-18,-26.33857142857143,8.885714285714286,-29334.774857142856,2.6571428571428575,38.0
2010-11-25,-26.291428571428572,6.014285714285714,-28724.790857142856,3.242857142857143,30.599999999999998
2010-12-02,-26.254285714285714,8.928571428571429,-32327.17714285714,3.142857142857143,9.1
2010-12-09,-25.805714285714284,4.985714285714286,-29762.825142857146,2.357142857142857,0.0
2010-12-16,-25.435714285714287,3.414285714285714,-30179.026285714288,2.585714285714286,7.3
2010-12-23,-25.025714285714287,6.014285714285714,-27446.688,2.7714285714285714,0.0
2010-12-30,-24.735714285714288,3.9428571428571426,-28275.140571428572,2.4285714285714284,0.3
2011-01-06,-24.44142857142857,7.328571428571428,-28364.132571428574,2.4285714285714284,1.4
2011-01-13,-24.208571428571428,4.771428571428571,-27851.410285714286,2.3,0.1
2011-01-20,-23.92571428571429,3.042857142857143,-27659.60228571429,2.3714285714285714,17.2
2011-01-27,-23.812857142857144,5.314285714285715,-27247.844571428574,2.414285714285714,5.9
2011-02-03,-23.655714285714286,5.114285714285714,-26774.002285714287,2.3285714285714287,0.0
2011-02-10,-23.407142857142855,6.514285714285714,-26045.403428571426,2.3,8.4
2011-02-17,-23.301428571428573,6.6000000000000005,-26362.985142857146,2.357142857142857,10.1
2011-02-24,-23.24142857142857,4.414285714285714,-26702.413714285714,2.4285714285714284,0.2
2011-03-03,-23.27285714285714,5.457142857142857,-28338.45942857143,2.557142857142857,4.7
2011-03-10,-23.22714285714286,9.528571428571428,-28767.12685714286,2.4285714285714284,32.4
2011-03-17,-23.24285714285714,9.457142857142857,-28466.578285714288,2.6285714285714286,0.1
2011-03-24,-23.157142857142855,11.200000000000001,-27926.948571428573,2.4714285714285715,14.5
2011-03-31,-23.174285714285713,14.6,-28741.206857142857,2.3428571428571425,0.0
2011-04-07,-23.14428571428571,16.314285714285713,-28732.690285714285,2.0285714285714285,0.0
2011-04-14,-23.134285714285713,11.471428571428572,-29749.248,2.142857142857143,5.2
2011-04-21,-23.092857142857145,15.071428571428571,-27827.218285714283,2.1142857142857143,0.6
2011-04-28,-23.011428571428574,15.057142857142859,-27819.071999999996,2.1142857142857143,0.0
2011-05-05,-23.254285714285714,16.085714285714285,-30595.968,2.0,0.0
2011-05-12,-23.352857142857143,16.928571428571427,-30160.018285714286,2.1,1.0
2011-05-19,-23.34714285714286,20.32857142857143,-31719.66171428571,2.0,0.0
2011-05-26,-23.37142857142857,21.17142857142857,-29189.746285714285,2.0,10.0
2011-06-02,-23.22142857142857,20.24285714285714,-25939.872,2.0,8.4
2011-06-09,-23.292857142857144,19.885714285714283,-27540.864,2.0,6.1
2011-06-16,-23.62,23.97142857142857,-31714.601142857144,2.0,0.0
2011-06-23,-24.015714285714285,25.285714285714285,-33198.58285714286,2.0,0.0
2011-06-30,-23.98428571428571,22.5,-29322.555428571428,2.0,0.2
2011-07-07,-24.38714285714286,27.97142857142857,-33905.21142857143,2.0,0.0
2011-07-14,-24.592857142857145,24.414285714285715,-30840.726857142854,1.9857142857142858,0.4
2011-07-21,-24.571428571428573,20.485714285714288,-27307.584,2.0142857142857142,15.3
2011-07-28,-24.41857142857143,22.785714285714285,-27815.122285714286,2.0285714285714285,5.9
2011-08-04,-24.655714285714286,25.47142857142857,-29876.626285714283,2.0,0.0
2011-08-11,-24.814285714285713,24.3,-29807.876571428573,2.0,0.0
2011-08-18,-25.092857142857145,28.542857142857144,-33314.85257142857,2.0,0.0
2011-08-25,-25.215714285714284,25.5,-33185.49942857143,1.9857142857142858,0.0
2011-09-01,-25.332857142857144,25.099999999999998,-33575.286857142855,1.8285714285714287,0.0
2011-09-08,-25.482857142857142,24.885714285714283,-35438.31771428571,1.8,6.5
2011-09-15,-25.615714285714287,20.942857142857143,-34419.53828571429,1.8571428571428572,39.300000000000004
2011-09-22,-25.65285714285714,20.885714285714283,-33823.62514285714,1.8142857142857143,0.0
2011-09-29,-25.89428571428571,19.62857142857143,-36822.07542857143,1.8,0.0
2011-10-06,-25.945714285714285,14.942857142857141,-35332.53942857143,1.9285714285714286,32.699999999999996
2011-10-13,-26.025714285714287,13.257142857142856,-34595.177142857145,1.9142857142857141,3.7
2011-10-20,-25.990000000000002,12.642857142857142,-33080.338285714286,1.957142857142857,3.7
2011-10-27,-26.142857142857142,11.4,-34506.061714285715,1.9714285714285715,0.0
2011-11-03,-26.27857142857143,12.9,-35654.934857142856,1.9857142857142858,3.2
2011-11-10,-26.51142857142857,8.085714285714285,-38770.14857142857,2.0,0.0
2011-11-17,-26.669999999999998,5.085714285714286,-38891.232,2.0,0.0
2011-11-24,-26.81714285714286,4.8999999999999995,-37810.24457142857,2.0,0.1
2011-12-01,-26.865714285714287,10.142857142857142,-38078.94857142858,2.0142857142857142,2.1
2011-12-08,-26.952857142857145,10.6,-36009.915428571425,2.0571428571428574,2.6
2011-12-15,-27.07857142857143,5.857142857142857,-37684.16228571429,2.0285714285714285,6.6
2011-12-22,-27.162857142857142,4.542857142857143,-34945.83771428571,2.0571428571428574,7.9
2011-12-29,-27.19142857142857,4.985714285714286,-36021.27085714286,2.0285714285714285,12.200000000000001
2012-01-05,-27.322857142857142,3.971428571428571,-36339.34628571429,2.085714285714286,0.0
2012-01-12,-27.472857142857144,1.9000000000000001,-36975.25028571429,2.0,0.0
2012-01-19,-27.545714285714286,6.3999999999999995,-37094.235428571425,2.0,0.0
2012-01-26,-27.675714285714285,2.5857142857142854,-37044.61714285715,1.9714285714285715,0.0
2012-02-02,-27.810000000000002,0.04285714285714277,-38662.889142857144,2.0,0.0
2012-02-09,-27.967142857142854,-0.5142857142857143,-39537.133714285716,2.0,0.0
2012-02-16,-28.172857142857143,6.3,-40470.00685714286,2.0714285714285716,0.9
2012-02-23,-28.23857142857143,7.985714285714286,-37105.220571428574,2.1714285714285717,0.0
2012-03-01,-28.235714285714288,10.328571428571427,-33949.152,2.1285714285714286,0.0
2012-03-08,-28.291428571428572,9.87142857142857,-34235.136,2.1,0.0
2012-03-15,-28.377142857142854,13.142857142857142,-34515.072,2.042857142857143,0.0
2012-03-22,-28.50714285714286,13.928571428571429,-36457.344,2.0,0.0
2012-03-29,-28.625714285714285,14.542857142857143,-36938.96228571429,2.0,5.199999999999999
2012-04-05,-28.638571428571428,11.171428571428573,-33688.59428571429,2.0142857142857142,0.0
2012-04-12,-28.677142857142858,11.685714285714285,-34606.90285714286,2.1,7.1
2012-04-19,-28.740000000000002,12.985714285714286,-32337.66857142857,2.185714285714286,16.2
2012-04-26,-28.68857142857143,17.757142857142856,-29569.536,2.3428571428571425,0.0
2012-05-03,-28.650000000000002,16.04285714285714,-28295.753142857142,2.2142857142857144,0.0
2012-05-10,-28.65,16.6,-28703.56114285714,2.1,2.1
2012-05-17,-28.599999999999998,15.028571428571428,-26279.917714285715,2.314285714285714,8.5
2012-05-24,-28.575714285714287,18.557142857142857,-26795.602285714285,2.0,0.5
2012-05-31,-28.594285714285714,20.52857142857143,-26730.67885714286,2.0,9.4
2012-06-07,-28.608571428571427,22.142857142857142,-28378.697142857145,2.0,0.0
2012-06-14,-28.912857142857142,25.942857142857143,-34418.92114285714,1.9142857142857141,0.0
2012-06-21,-29.34267857142857,27.057142857142857,-36259.24114285714,1.9,0.0
2012-06-28,-29.680892857142855,28.900000000000002,-37152.864,1.9,0.0
2012-07-05,-30.265714285714285,28.457142857142856,-38384.928,1.9,0.0
2012-07-12,-30.91857142857143,26.5,-40828.93714285714,1.9,0.0
2012-07-19,-31.28857142857143,24.985714285714288,-37381.20685714286,1.9,0.0
2012-07-26,-31.64428571428571,27.714285714285715,-39536.64,1.9,0.0
2012-08-02,-32.16428571428572,29.071428571428573,-34492.237714285715,1.9,0.0
2012-08-09,-32.55,26.957142857142856,-33640.33371428571,1.9,0.0
2012-08-16,-32.8,29.185714285714287,-33723.277714285716,1.9,0.0
2012-08-23,-33.029999999999994,26.314285714285713,-32428.882285714288,1.9,0.0
2012-08-30,-33.067142857142855,21.74285714285714,-31527.113142857146,1.9,6.9
2012-09-06,-33.12428571428571,22.785714285714285,-32749.179428571428,1.8,0.0
2012-09-13,-33.12,18.599999999999998,-31056.23314285714,1.9142857142857144,6.1
2012-09-20,-33.247142857142855,20.47142857142857,-33926.688,1.842857142857143,0.0
2012-09-27,-33.401428571428575,21.3,-32107.350857142857,1.9142857142857144,0.1
2012-10-04,-33.51142857142857,18.442857142857143,-39660.93257142857,1.8714285714285714,5.5
2012-10-11,-33.58571428571428,16.514285714285716,-38807.177142857145,1.9857142857142858,0.5
2012-10-18,-33.637142857142855,15.828571428571427,-39796.08685714286,1.9285714285714286,0.0
2012-10-25,-33.682857142857145,11.657142857142857,-38120.66742857143,1.9857142857142858,10.9
2012-11-01,-33.66142857142857,14.185714285714287,-36830.83885714286,2.314285714285714,1.3
2012-11-08,-33.60857142857143,12.242857142857144,-37602.02057142857,2.8000000000000003,0.0
2012-11-15,-32.98142857142857,10.714285714285714,-33219.072,2.642857142857143,7.9
2012-11-22,-32.64857142857143,9.4,-31773.600000000002,2.3999999999999995,36.0
2012-11-29,-32.30571428571428,6.485714285714286,-30982.546285714285,2.814285714285714,6.6
2012-12-06,-31.95,2.0142857142857142,-31111.89942857143,2.6142857142857143,0.0
2012-12-13,-31.617142857142856,5.914285714285714,-31379.616,2.642857142857143,0.1
2012-12-20,-31.287142857142857,6.3428571428571425,-28972.38857142857,2.557142857142857,9.1
2012-12-27,-30.917142857142856,5.028571428571429,-28726.148571428574,2.6571428571428575,8.8
2013-01-03,-30.57857142857143,4.428571428571429,-28732.32,2.3428571428571425,0.0
2013-01-10,-30.175714285714285,6.1000000000000005,-30428.352000000003,2.7285714285714286,31.5
2013-01-17,-29.889999999999997,5.071428571428571,-29933.03314285714,2.857142857142857,19.3
2013-01-24,-29.618571428571425,4.271428571428571,-31176.699428571428,2.7142857142857144,0.5
2013-01-31,-29.158571428571427,7.671428571428572,-31559.451428571425,2.7714285714285714,16.5
2013-02-07,-28.735714285714288,3.0714285714285716,-31960.96457142857,2.6571428571428575,13.2
2013-02-14,-28.307142857142857,4.214285714285714,-30632.132571428574,2.542857142857143,0.0
2013-02-21,-27.79714285714286,5.142857142857143,-29772.205714285716,2.8428571428571425,13.0
2013-02-28,-27.43142857142857,6.828571428571428,-31116.466285714287,2.542857142857143,6.8
2013-03-07,-26.898571428571426,11.071428571428571,-31139.794285714284,2.742857142857143,27.199999999999996
2013-03-14,-26.54714285714286,7.428571428571429,-31879.74857142857,2.942857142857143,21.2
2013-03-21,-26.155714285714286,9.814285714285715,-32389.75542857143,2.8000000000000003,0.8
2013-03-28,-25.725714285714286,12.128571428571428,-31556.118857142857,2.742857142857143,26.0
2013-04-04,-25.34,12.485714285714286,-32721.778285714285,2.685714285714286,0.0
2013-04-11,-25.06,16.228571428571428,-33728.09142857143,2.2285714285714286,0.0
2013-04-18,-24.60571428571429,15.428571428571429,-30627.318857142855,2.242857142857143,2.4
2013-04-25,-24.265714285714285,19.214285714285715,-30826.77942857143,2.2,23.0
2013-05-02,-23.944285714285716,17.442857142857143,-28485.092571428573,2.3714285714285714,16.5
2013-05-09,-23.725714285714282,17.214285714285715,-30981.065142857144,2.557142857142857,1.8
2013-05-16,-23.54,16.3,-30532.032,2.4,5.800000000000001
2013-05-23,-23.295714285714286,14.2,-29107.542857142857,2.6714285714285713,29.9
2013-05-30,-23.092857142857145,15.728571428571428,-28977.202285714284,2.742857142857143,83.1
2013-06-06,-22.854285714285712,20.2,-31661.526857142857,2.542857142857143,0.0
2013-06-13,-22.650000000000002,25.214285714285715,-36205.796571428575,2.6,0.0
2013-06-20,-22.412857142857142,22.74285714285714,-33939.40114285714,2.3,0.0
2013-06-27,-22.07,20.714285714285715,-32598.349714285716,2.0571428571428574,1.9
2013-07-04,-22.114285714285717,24.214285714285715,-33650.208,1.9714285714285715,0.0
2013-07-11,-22.06857142857143,24.52857142857143,-30464.640000000003,1.957142857142857,3.6
2013-07-18,-21.962857142857143,24.17142857142857,-28670.72914285714,2.0285714285714285,0.6
2013-07-25,-22.21857142857143,27.542857142857144,-30523.885714285716,2.085714285714286,0.0
2013-08-01,-22.414285714285715,28.5,-33487.89942857143,1.9,0.0
2013-08-08,-22.497142857142855,26.285714285714285,-30924.53485714286,2.042857142857143,0.0
2013-08-15,-22.495714285714286,25.042857142857144,-28767.867428571426,2.1,5.9
2013-08-22,-22.53857142857143,23.24285714285714,-30243.209142857144,2.0,4.9
2013-08-29,-22.672857142857143,22.37142857142857,-33707.72571428572,1.957142857142857,0.0
2013-09-05,-22.815714285714286,23.814285714285713,-33303.497142857144,2.042857142857143,0.1
2013-09-12,-22.74142857142857,18.74285714285714,-32499.853714285713,2.1142857142857143,8.2
2013-09-19,-22.96857142857143,20.12857142857143,-34631.465142857145,2.0714285714285716,0.0
2013-09-26,-22.955714285714286,18.985714285714288,-31630.546285714285,1.9714285714285715,39.6
2013-10-03,-22.94142857142857,16.685714285714287,-28889.074285714283,2.4285714285714284,9.3
2013-10-10,-22.805714285714284,16.5,-28120.361142857142,2.4285714285714284,15.799999999999999
2013-10-17,-22.91,15.928571428571429,-31306.176,2.4714285714285715,0.1
2013-10-24,-22.861428571428572,17.0,-30450.07542857143,2.2714285714285714,0.1
2013-10-31,-22.80142857142857,15.757142857142856,-29760.356571428572,2.314285714285714,0.0
2013-11-07,-22.827142857142857,13.62857142857143,-29746.656,2.9857142857142853,91.0
2013-11-14,-22.798571428571428,11.642857142857142,-30570.912,3.1142857142857143,19.8
2013-11-21,-22.514285714285712,5.8999999999999995,-28003.597714285715,2.8857142857142857,5.9
2013-11-28,-22.33142857142857,5.428571428571429,-29981.17028571429,2.7857142857142856,0.0
2013-12-05,-22.139999999999997,2.0142857142857142,-30080.03657142857,2.5285714285714285,0.1
2013-12-12,-21.93285714285714,3.057142857142857,-29376.0,2.4,0.1
2013-12-19,-21.762857142857143,4.685714285714285,-29019.538285714287,2.3,1.7000000000000002
2013-12-26,-21.541428571428572,7.442857142857143,-27765.627428571428,2.2857142857142856,1.0
2014-01-02,-21.544285714285714,7.414285714285714,-28313.28,2.3285714285714283,9.6
2014-01-09,-21.497142857142858,4.8999999999999995,-28697.14285714286,2.314285714285714,4.4
2014-01-16,-21.454285714285714,9.185714285714285,-29105.444571428572,2.371428571428571,31.4
2014-01-23,-21.428571428571427,5.142857142857143,-29377.357714285718,2.6571428571428575,19.5
2014-01-30,-21.50857142857143,9.485714285714286,-31132.141714285714,3.0142857142857147,55.400000000000006
2014-02-06,-21.434285714285714,9.0,-33363.113142857146,3.1285714285714286,56.300000000000004
2014-02-13,-21.13714285714286,11.828571428571427,-32149.069714285717,2.957142857142857,0.1
2014-02-20,-20.452857142857145,9.0,-27316.224,2.6285714285714286,10.2
2014-02-27,-20.032857142857143,7.814285714285715,-29540.406857142858,2.628571428571429,27.799999999999997
2014-03-06,-19.90285714285714,10.514285714285714,-29141.485714285714,2.542857142857143,0.0
2014-03-13,-19.677142857142858,11.885714285714286,-29837.499428571427,2.3857142857142857,0.0
2014-03-20,-19.451428571428572,11.5,-28544.832,2.3428571428571425,6.7
2014-03-27,-19.470285714285716,11.514285714285714,-29299.597714285715,2.6999999999999997,13.8
2014-04-03,-19.434,14.37142857142857,-28853.403428571426,2.457142857142857,25.4
2014-04-10,-19.375714285714285,13.585714285714285,-28173.312,2.2285714285714286,48.300000000000004
2014-04-17,-19.22142857142857,13.757142857142858,-26489.376,2.4285714285714284,7.2
2014-04-24,-19.21142857142857,14.657142857142858,-25997.019428571428,2.742857142857143,14.2
2014-05-01,-19.212857142857143,14.085714285714285,-26647.241142857143,3.1714285714285713,22.6
2014-05-08,-19.31142857142857,17.557142857142857,-27782.660571428572,2.9285714285714284,26.1
2014-05-15,-19.365714285714287,17.02857142857143,-27669.970285714284,2.6,1.7
2014-05-22,-19.415714285714284,19.614285714285717,-27404.969142857142,2.542857142857143,35.0
2014-05-29,-19.505714285714284,17.928571428571427,-28835.753142857142,2.557142857142857,3.3000000000000003
2014-06-05,-19.645714285714288,24.87142857142857,-28369.933714285715,2.5,0.0
2014-06-12,-19.618571428571432,21.185714285714287,-24328.018285714286,2.4285714285714284,22.9
2014-06-19,-19.784285714285716,23.085714285714285,-26688.71314285714,2.3,0.5
2014-06-26,-20.02285714285714,23.342857142857145,-27458.660571428572,2.4,16.4
2014-07-03,-20.225714285714286,24.928571428571427,-27643.309714285715,2.3857142857142857,1.3
2014-07-10,-20.184285714285714,20.985714285714288,-25255.213714285714,2.4285714285714284,35.0
2014-07-17,-20.365714285714287,25.02857142857143,-28490.52342857143,2.585714285714286,4.8
2014-07-24,-20.32,22.37142857142857,-24818.15314285714,2.6285714285714286,101.19999999999999
2014-07-31,-20.395714285714288,24.042857142857144,-25344.946285714286,2.957142857142857,25.2
2014-08-07,-20.54,25.728571428571428,-29045.458285714285,2.542857142857143,0.0
2014-08-14,-20.63714285714286,21.957142857142856,-28455.346285714284,2.6285714285714286,9.5
2014-08-21,-20.68,23.2,-27538.148571428574,2.442857142857143,24.1
2014-08-28,-20.725714285714282,21.785714285714285,-27755.506285714284,2.442857142857143,13.7
2014-09-04,-20.801428571428573,21.885714285714283,-28114.683428571425,2.6999999999999997,24.0
2014-09-11,-20.83857142857143,19.357142857142858,-26754.747428571427,2.8714285714285714,35.6
2014-09-18,-20.905714285714286,22.12857142857143,-27096.891428571427,2.6142857142857143,2.2
2014-09-25,-20.96857142857143,18.085714285714285,-26001.339428571428,2.442857142857143,7.8
2014-10-02,-20.972857142857144,18.12857142857143,-25757.444571428572,2.5,0.0
2014-10-09,-21.057142857142857,20.057142857142857,-26094.40457142857,2.5,1.6
2014-10-16,-21.16857142857143,19.32857142857143,-28264.896,2.5142857142857147,5.5
2014-10-23,-21.327142857142857,11.414285714285715,-28391.904000000002,2.6,3.1
2014-10-30,-21.385714285714283,13.014285714285714,-27948.05485714286,2.685714285714286,17.8
2014-11-06,-21.41,14.257142857142856,-27022.464,2.9857142857142853,49.099999999999994
2014-11-13,-21.398571428571426,12.185714285714285,-27764.516571428572,3.1,57.99999999999999
2014-11-20,-21.479999999999997,9.214285714285714,-26698.710857142858,3.2142857142857144,1.0
2014-11-27,-21.431428571428572,11.799999999999999,-27780.68571428571,3.0142857142857147,22.0
2014-12-04,-21.451428571428572,9.299999999999999,-27159.716571428573,3.042857142857143,36.5
2014-12-11,-21.390000000000004,7.742857142857143,-27065.293714285715,2.914285714285714,4.8
2014-12-18,-21.34142857142857,7.742857142857143,-27200.448,2.8857142857142857,0.1
2014-12-25,-21.164285714285715,3.9,-26074.409142857145,2.8857142857142857,15.5
2015-01-01,-21.224285714285713,5.685714285714285,-27871.529142857144,2.8428571428571425,0.0
2015-01-08,-21.18,7.314285714285715,-27757.357714285714,2.8,0.0
2015-01-15,-21.080000000000002,7.614285714285714,-26710.313142857143,2.742857142857143,5.2
2015-01-22,-21.117142857142856,6.114285714285714,-27056.777142857143,2.9285714285714284,4.9
2015-01-29,-21.052857142857142,3.914285714285714,-25503.67542857143,3.1142857142857143,36.8
2015-02-05,-21.138571428571428,5.528571428571429,-26640.329142857143,3.4285714285714284,31.099999999999998
2015-02-12,-21.077142857142857,7.457142857142857,-25823.35542857143,3.0285714285714285,1.7
2015-02-19,-20.97142857142857,8.1,-26034.54171428571,2.957142857142857,6.6
2015-02-26,-20.92142857142857,9.799999999999999,-24871.844571428574,3.0714285714285716,12.7
2015-03-05,-20.852857142857143,7.142857142857143,-24490.944,3.3428571428571425,21.7
2015-03-12,-20.78,9.185714285714285,-24594.253714285715,3.1,29.7
2015-03-19,-20.740000000000002,11.228571428571428,-24081.654857142858,3.0142857142857147,22.1
2015-03-26,-20.714285714285715,13.414285714285715,-26575.158857142855,3.2714285714285714,7.199999999999999
2015-04-02,-20.63714285714286,9.357142857142858,-24737.801142857144,3.0,3.9
2015-04-09,-20.59857142857143,14.12857142857143,-27344.242285714285,2.857142857142857,0.0
2015-04-16,-20.537142857142857,14.957142857142857,-27650.715428571428,2.7857142857142856,0.5
2015-04-23,-20.34714285714286,15.814285714285715,-27119.84914285714,2.6957426679280982,13.299999999999999
2015-04-30,-20.23,19.485714285714288,-27527.533714285713,2.682119205298013,1.0
2015-05-07,-20.345714285714283,20.771428571428572,-30263.328,2.6682119205298016,0.0
2015-05-14,-20.384285714285713,21.32857142857143,-31079.56114285714,2.65430463576159,0.0
2015-05-21,-20.360000000000003,15.285714285714286,-26066.016,2.6403973509933776,71.7
2015-05-28,-20.39428571428571,21.214285714285715,-24495.510857142857,2.626490066225166,0.0
2015-06-04,-20.584285714285716,23.914285714285715,-26614.409142857145,2.6125827814569536,5.2
2015-06-11,-20.43,23.042857142857144,-22948.333714285716,2.5986754966887418,7.4
2015-06-18,-20.454285714285714,21.442857142857143,-21302.90742857143,2.58476821192053,16.9
2015-06-25,-20.602857142857143,23.957142857142856,-23283.689142857143,2.5708609271523177,0.0
2015-07-02,-20.90857142857143,29.485714285714288,-26370.761142857144,2.556953642384106,0.0
2015-07-09,-21.16,28.485714285714288,-26790.665142857146,2.543046357615894,0.8
2015-07-16,-21.527142857142856,30.457142857142856,-27272.653714285716,2.529139072847682,1.2
2015-07-23,-21.545714285714286,27.642857142857142,-24187.92685714286,2.5152317880794706,0.7
2015-07-30,-21.740000000000002,27.714285714285715,-25355.931428571428,2.5013245033112583,2.8
2015-08-06,-21.905714285714286,27.085714285714285,-25494.17142857143,2.4874172185430465,15.8
2015-08-13,-21.900000000000002,24.285714285714285,-24275.437714285716,2.4735099337748343,19.9
2015-08-20,-22.111428571428572,22.985714285714288,-26938.532571428572,2.4596026490066225,5.0
2015-08-27,-22.254285714285714,27.014285714285712,-27927.442285714285,2.4456953642384107,0.0
2015-09-03,-22.277142857142856,22.2,-27036.658285714286,2.4317880794701985,5.8
2015-09-10,-22.34,22.114285714285717,-26060.21485714286,2.4178807947019867,4.0
2015-09-17,-22.48428571428571,22.557142857142857,-28014.089142857145,2.4042573320719014,0.2
2015-09-24,-22.59857142857143,17.02857142857143,-26323.61142857143,2.414285714285714,7.0
2015-10-01,-22.584285714285716,18.728571428571428,-24919.36457142857,2.4285714285714284,49.800000000000004
2015-10-08,-22.640000000000004,16.67142857142857,-25948.018285714286,2.5142857142857147,49.4
2015-10-15,-22.674285714285713,14.771428571428572,-24388.25142857143,2.5142857142857147,7.0
2015-10-22,-22.75857142857143,13.528571428571428,-23988.342857142856,2.6571428571428575,1.6
2015-10-29,-22.947142857142858,13.857142857142858,-27383.616,2.7857142857142856,28.2
2015-11-05,-23.005714285714284,12.385714285714286,-26104.278857142857,2.7,0.6000000000000001
2015-11-12,-23.062857142857144,11.285714285714286,-25925.30742857143,2.6714285714285717,0.2
2015-11-19,-23.104285714285712,8.571428571428571,-25893.709714285713,2.8000000000000003,46.2
2015-11-26,-23.225714285714286,6.285714285714286,-25967.273142857146,2.9,1.6
2015-12-03,-23.34142857142857,7.414285714285714,-26373.970285714284,2.8,0.4
2015-12-10,-23.424285714285713,5.385714285714286,-27163.666285714284,2.7,0.2
2015-12-17,-23.452857142857145,5.0,-27628.128,2.7,1.0
2015-12-24,-23.49142857142857,3.185714285714286,-27596.777142857143,2.7,3.4000000000000004
2015-12-31,-23.494285714285716,6.371428571428572,-28092.589714285714,2.9142857142857146,31.200000000000003
2016-01-07,-23.627142857142854,11.185714285714285,-28307.97257142857,3.0142857142857147,16.0
2016-01-14,-23.81,2.5,-27620.22857142857,3.057142857142857,18.4
2016-01-21,-24.01571428571429,3.585714285714286,-28406.46857142857,2.814285714285714,0.8
2016-01-28,-23.97142857142857,11.242857142857144,-27911.026285714288,2.8,0.2
2016-02-04,-24.148571428571433,8.485714285714286,-27693.545142857143,2.7428571428571433,9.0
2016-02-11,-24.135714285714283,10.37142857142857,-25690.793142857143,3.2714285714285714,38.8
2016-02-18,-24.15142857142857,9.799999999999999,-23198.52342857143,3.042857142857143,9.0
2016-02-25,-24.08285714285714,9.700000000000001,-23128.662857142856,3.242857142857143,47.199999999999996
2016-03-03,-24.107142857142858,7.528571428571429,-23326.025142857143,3.142857142857143,32.6
2016-03-10,-24.181428571428572,9.985714285714286,-23925.641142857145,3.1142857142857143,0.6000000000000001
2016-03-17,-24.15142857142857,11.557142857142859,-23169.14742857143,2.9285714285714284,3.4
2016-03-24,-24.181428571428572,11.971428571428572,-23233.330285714288,2.914285714285714,0.4
2016-03-31,-24.157142857142855,16.45714285714286,-24473.17028571429,2.8000000000000003,0.0
2016-04-07,-24.18285714285714,15.557142857142855,-24597.339428571428,2.7285714285714286,15.6
2016-04-14,-24.35571428571429,16.2,-26805.229714285717,2.7,0.4
2016-04-21,-24.292857142857144,13.428571428571429,-24579.19542857143,2.957142857142857,60.0
2016-04-28,-24.282857142857143,14.828571428571427,-24203.108571428573,3.0714285714285716,46.0
2016-05-05,-24.247142857142855,17.414285714285715,-25030.450285714287,2.9285714285714284,0.4
2016-05-12,-24.208571428571428,15.842857142857143,-25177.824,3.042857142857143,48.2
2016-05-19,-24.12142857142857,16.3,-24351.84,3.1714285714285713,31.0
2016-05-26,-23.95,20.071428571428573,-21520.141714285714,2.9285714285714284,13.4
2016-06-02,-23.72714285714286,18.957142857142856,-20429.403428571426,2.8428571428571425,31.0
2016-06-09,-23.669999999999998,20.485714285714288,-22611.620571428568,3.1142857142857143,21.599999999999998
2016-06-16,-23.65142857142857,20.7,-23165.074285714283,2.9714285714285715,11.599999999999998
2016-06-23,-23.678571428571427,25.885714285714283,-25077.72342857143,2.814285714285714,0.6
2016-06-30,-23.94142857142857,26.714285714285715,-26584.045714285716,2.6714285714285717,0.0
2016-07-07,-24.115714285714287,28.25714285714286,-26195.73942857143,2.557142857142857,11.0
2016-07-14,-24.0,22.542857142857144,-22990.052571428572,2.585714285714286,20.0
2016-07-21,-24.074285714285715,25.37142857142857,-23581.398857142856,2.457142857142857,56.0
2016-07-28,-24.31714285714286,26.157142857142855,-29961.298285714285,2.357142857142857,9.2
2016-08-04,-24.382857142857144,23.514285714285712,-27287.218285714283,2.4285714285714284,54.800000000000004
2016-08-11,-24.45,22.642857142857142,-27445.947428571428,2.3428571428571425,0.0
2016-08-18,-24.601428571428574,24.814285714285713,-29256.891428571427,2.2,0.0
2016-08-25,-24.562857142857144,24.47142857142857,-28623.70285714286,2.3285714285714287,18.8
2016-09-01,-24.424285714285713,22.785714285714285,-25814.592,2.5285714285714285,3.8000000000000003
2016-09-08,-24.584285714285716,22.714285714285715,-28908.82285714286,2.557142857142857,0.0
2016-09-15,-24.382857142857144,19.542857142857144,-22653.215999999997,2.642857142857143,41.8
2016-09-22,-24.274285714285714,17.442857142857143,-22318.10742857143,2.5142857142857147,0.0
2016-09-29,-24.30857142857143,18.071428571428573,-23678.660571428572,2.5714285714285716,41.400000000000006
2016-10-06,-24.228571428571428,12.114285714285714,-23459.698285714287,2.642857142857143,56.199999999999996
2016-10-13,-24.285714285714285,15.257142857142856,-24322.834285714285,2.7142857142857144,23.6
2016-10-20,-24.16857142857143,16.057142857142857,-24788.653714285716,2.6142857142857143,21.6
2016-10-27,-24.195714285714285,13.585714285714285,-25586.002285714287,2.814285714285714,8.6
2016-11-03,-24.12,13.914285714285715,-26022.816,2.7714285714285714,14.2
2016-11-10,-24.075714285714287,7.314285714285715,-24439.721142857143,2.9,33.6
2016-11-17,-23.924285714285713,12.042857142857143,-24222.486857142856,3.0714285714285716,27.400000000000002
2016-11-24,-23.824285714285715,8.285714285714286,-23378.976,2.8428571428571425,8.0
2016-12-01,-23.761428571428574,7.1000000000000005,-23374.532571428572,2.7857142857142856,0.2
2016-12-08,-23.662857142857142,4.942857142857143,-23632.621714285717,2.7,2.4
2016-12-15,-23.59714285714286,5.328571428571428,-23682.11657142857,2.7,1.6
2016-12-22,-23.532857142857143,3.442857142857143,-23335.776,2.7,1.0
2016-12-29,-23.517142857142858,4.628571428571428,-25197.572571428573,2.7142857142857144,6.2
2017-01-05,-23.684285714285714,0.02857142857142858,-26683.158857142855,2.7,0.6
2017-01-12,-23.792857142857144,3.6285714285714286,-27205.261714285713,2.8428571428571425,54.2
2017-01-19,-23.678571428571427,5.1000000000000005,-26649.833142857144,2.9,0.2
2017-01-26,-23.59142857142857,4.414285714285714,-25450.971428571425,2.814285714285714,0.2
2017-02-02,-23.48,10.299999999999999,-24523.89942857143,3.0714285714285716,24.4
2017-02-09,-23.557142857142857,7.757142857142857,-24922.326857142856,2.9714285714285715,0.0
2017-02-16,-23.455714285714286,6.8999999999999995,-23866.148571428574,2.8428571428571425,9.6
2017-02-23,-23.405714285714286,10.4,-24086.098285714284,2.9857142857142853,18.2
2017-03-02,-23.37,10.285714285714286,-23810.23542857143,3.2714285714285714,53.2
2017-03-09,-23.43,9.785714285714286,-24593.88342857143,2.9714285714285715,0.0
2017-03-16,-23.327142857142857,13.12857142857143,-24477.366857142857,2.7714285714285714,0.0
2017-03-23,-23.252857142857142,13.428571428571429,-23187.41485714286,2.6714285714285717,3.2
2017-03-30,-23.162857142857142,14.528571428571428,-23457.47657142857,2.7,3.8000000000000003
2017-04-06,-23.194285714285716,15.442857142857141,-24803.341714285714,2.6,0.2
2017-04-13,-23.142857142857142,14.214285714285714,-24221.499428571427,2.628571428571429,27.2
2017-04-20,-23.014285714285712,12.171428571428573,-23439.209142857144,2.6,0.0
2017-04-27,-23.012857142857143,14.028571428571428,-23344.786285714283,2.7857142857142856,14.6
2017-05-04,-23.01571428571429,15.314285714285713,-23864.173714285716,2.757142857142857,18.8
2017-05-11,-23.132857142857144,19.942857142857143,-25736.70857142857,2.6714285714285717,0.4
2017-05-18,-23.237142857142857,20.157142857142855,-27493.344,2.6,22.599999999999998
2017-05-25,-23.56142857142857,21.414285714285715,-29420.927999999996,2.5,0.4
2017-06-01,-23.857142857142858,23.97142857142857,-29794.669714285712,2.4285714285714284,0.0
2017-06-08,-24.198571428571427,24.8,-31947.881142857143,2.3857142857142857,0.0
2017-06-15,-24.565714285714286,26.357142857142858,-32017.00114285714,2.4,0.0
2017-06-22,-24.845714285714283,28.52857142857143,-31401.339428571428,2.4285714285714284,2.6
2017-06-29,-24.562857142857144,23.885714285714283,-27561.229714285717,2.5142857142857147,16.8
2017-07-06,-25.150000000000002,29.0,-32233.741714285716,2.2,0.0
2017-07-13,-25.49142857142857,25.87142857142857,-31523.410285714286,2.1285714285714286,0.0
2017-07-20,-25.66857142857143,26.02857142857143,-29798.249142857145,2.142857142857143,9.0
2017-07-27,-25.701428571428572,28.857142857142858,-29974.13485714286,2.1571428571428575,0.0
2017-08-03,-26.217142857142857,31.62857142857143,-33019.11771428571,1.9857142857142858,0.0
2017-08-10,-26.09714285714286,25.414285714285715,-26687.60228571429,2.1285714285714286,5.2
2017-08-17,-26.305714285714284,26.214285714285715,-30318.74742857143,2.1571428571428575,0.0
2017-08-24,-26.55,27.82857142857143,-31261.741714285716,2.2,0.0
2017-08-31,-26.624285714285715,22.47142857142857,-29590.642285714282,2.3428571428571425,18.4
2017-09-07,-26.525714285714287,20.714285714285715,-28033.467428571428,2.3857142857142857,42.8
2017-09-14,-26.52857142857143,18.62857142857143,-27420.39771428571,2.414285714285714,34.4
2017-09-21,-26.599999999999998,16.385714285714286,-28991.273142857146,2.3428571428571425,0.0
2017-09-28,-26.68285714285714,17.685714285714287,-28651.22742857143,2.3,0.0
2017-10-05,-26.82428571428571,16.242857142857144,-28925.732571428573,2.3,4.6
2017-10-12,-27.00857142857143,15.285714285714286,-29378.715428571428,2.257142857142857,0.0
2017-10-19,-27.032857142857143,13.785714285714286,-27947.190857142858,2.3285714285714287,12.4
2017-10-26,-27.14428571428571,12.214285714285714,-29046.445714285714,2.371428571428571,0.0
2017-11-02,-27.271428571428572,11.842857142857143,-29413.028571428575,2.4857142857142853,24.0
2017-11-09,-27.36285714285714,9.457142857142857,-28489.65942857143,2.6,14.600000000000001
2017-11-16,-27.474285714285713,8.314285714285715,-29324.283428571427,2.6999999999999997,0.0
2017-11-23,-27.48,8.857142857142858,-27821.664,2.685714285714286,30.4
2017-11-30,-27.66,3.942857142857143,-29184.438857142854,2.814285714285714,5.6000000000000005
2017-12-07,-27.635714285714283,8.185714285714285,-28208.859428571428,2.8428571428571425,55.0
2017-12-14,-27.731428571428573,4.8999999999999995,-29791.584,3.0714285714285716,34.6
2017-12-21,-27.47714285714286,5.385714285714286,-26035.529142857144,2.771428571428572,44.6
2017-12-28,-27.374285714285715,6.114285714285715,-25914.322285714286,3.0714285714285716,12.8
2018-01-04,-27.254285714285714,8.342857142857143,-25542.185142857143,2.8428571428571425,14.599999999999998
2018-01-11,-27.21,8.028571428571428,-27367.446857142855,2.814285714285714,7.0
2018-01-18,-27.201428571428572,7.285714285714286,-28023.96342857143,2.742857142857143,1.0
2018-01-25,-27.181428571428572,6.814285714285715,-27288.082285714285,2.642857142857143,0.0
2018-02-01,-27.012857142857143,6.857142857142857,-27248.95542857143,3.085714285714286,49.4
2018-02-08,-27.002857142857145,4.785714285714286,-26525.293714285715,2.7857142857142856,2.4000000000000004
2018-02-15,-26.935714285714287,5.514285714285714,-27393.860571428573,2.7714285714285714,21.6
2018-02-22,-26.805714285714284,2.728571428571428,-26074.902857142857,2.8428571428571425,8.0
2018-03-01,-26.75714285714286,7.142857142857143,-27534.93942857143,3.3000000000000003,84.6
2018-03-08,-26.53857142857143,10.985714285714286,-24409.357714285718,3.3285714285714287,33.2
2018-03-15,-26.19142857142857,8.757142857142856,-24007.22742857143,3.457142857142857,51.2
2018-03-22,-25.759999999999998,7.757142857142857,-25131.90857142857,3.0285714285714285,0.0
2018-03-29,-25.24142857142857,12.6,-26110.079999999998,3.0142857142857147,24.799999999999997
2018-04-05,-24.83285714285714,13.87142857142857,-28156.402285714285,3.057142857142857,27.0
2018-04-12,-24.422857142857143,15.814285714285715,-27042.336000000003,2.914285714285714,8.2
2018-04-19,-24.247142857142855,19.057142857142857,-29303.424,2.742857142857143,0.0
2018-04-26,-23.98428571428571,18.842857142857145,-28224.288,2.642857142857143,0.6
2018-05-03,-23.74857142857143,17.728571428571428,-27303.264,2.6571428571428575,48.400000000000006
2018-05-10,-23.694285714285716,16.67142857142857,-28686.157714285713,2.642857142857143,12.4
2018-05-17,-23.47142857142857,18.62857142857143,-27217.48114285714,2.585714285714286,18.6
2018-05-24,-23.358571428571427,22.842857142857145,-27578.262857142858,2.5,0.8
2018-05-31,-23.40142857142857,23.12857142857143,-29535.09942857143,2.414285714285714,0.8
2018-06-07,-23.40857142857143,22.74285714285714,-29000.90057142857,2.414285714285714,58.6
2018-06-14,-23.345714285714287,23.099999999999998,-28053.215999999997,2.3,0.2
2018-06-21,-23.47142857142857,21.857142857142858,-28468.182857142856,2.2285714285714286,8.6
2018-06-28,-23.71142857142857,25.657142857142855,-32032.059428571432,2.2,0.0
2018-07-05,-24.139999999999997,25.514285714285712,-30285.421714285712,2.1714285714285717,0.0
2018-07-12,-24.352857142857143,26.900000000000002,-30913.302857142855,2.1142857142857143,5.6
2018-07-19,-24.53142857142857,26.25714285714286,-30739.021714285715,2.1,0.2
2018-07-26,-24.77857142857143,27.514285714285712,-30922.436571428574,2.0714285714285716,10.6
2018-08-02,-25.060000000000002,27.5,-31445.773714285715,2.0142857142857142,1.4
2018-08-09,-24.922857142857143,26.0,-28311.428571428572,2.2285714285714286,17.2
2018-08-16,-24.830000000000002,24.657142857142855,-31245.572571428573,2.2285714285714286,19.4
2018-08-23,-24.86285714285714,22.557142857142857,-30573.010285714285,2.314285714285714,2.5999999999999996
2018-08-30,-24.91142857142857,22.5,-30837.14742857143,2.2285714285714286,1.5999999999999999
2018-09-06,-25.03,23.571428571428573,-31728.054857142855,2.2,1.2
2018-09-13,-25.194285714285716,23.428571428571427,-30684.466285714287,2.257142857142857,20.8
2018-09-20,-25.23,21.214285714285715,-29850.58285714286,2.2142857142857144,0.0
2018-09-27,-25.37857142857143,16.97142857142857,-31336.539428571432,2.2714285714285714,46.8
2018-10-04,-25.56142857142857,18.0,-31326.29485714286,2.3,11.2
2018-10-11,-25.611428571428572,17.8,-29820.96,2.3,0.2
2018-10-18,-25.554285714285715,15.357142857142858,-30648.054857142855,2.257142857142857,5.0
2018-10-25,-25.487142857142857,16.257142857142856,-29214.308571428573,2.442857142857143,55.0
2018-11-01,-25.422857142857143,14.857142857142858,-27396.205714285716,2.4857142857142853,22.8
2018-11-08,-25.544285714285714,9.62857142857143,-29410.930285714283,2.4,0.6000000000000001
2018-11-15,-25.69142857142857,9.228571428571428,-29306.75657142857,2.457142857142857,22.4
2018-11-22,-25.76142857142857,10.171428571428573,-28931.533714285713,2.6999999999999997,35.8
2018-11-29,-25.882857142857144,7.771428571428571,-29063.725714285716,2.5714285714285716,4.0
2018-12-06,-25.974285714285713,5.857142857142857,-27982.614857142857,2.5142857142857147,1.5999999999999999
2018-12-13,-26.06,3.6142857142857143,-28733.184,2.6999999999999997,35.6
2018-12-20,-26.135714285714283,8.528571428571428,-27708.109714285714,2.757142857142857,3.4
2018-12-27,-26.21,3.914285714285714,-29142.72,2.6,0.2
2019-01-03,-26.374285714285715,1.4142857142857144,-30071.890285714286,2.5285714285714285,0.6
2019-01-10,-26.457142857142856,3.5714285714285716,-29631.620571428568,2.5,0.8
2019-01-17,-26.47142857142857,5.6000000000000005,-27663.798857142858,2.642857142857143,33.0
2019-01-24,-26.458571428571428,4.185714285714286,-26687.108571428573,2.857142857142857,14.599999999999998
2019-01-31,-26.50857142857143,8.314285714285715,-26441.115428571426,3.1142857142857143,48.6
2019-02-07,-26.291428571428572,7.014285714285714,-25128.576,2.6714285714285713,0.2
2019-02-14,-26.18285714285714,7.6000000000000005,-26638.10742857143,2.5285714285714285,0.0
2019-02-21,-26.077142857142857,7.8,-26352.246857142858,2.5,0.0
2019-02-28,-25.889999999999997,10.4,-25089.81942857143,2.5,1.8
2019-03-07,-25.867142857142856,10.942857142857141,-26047.378285714283,2.4714285714285715,31.4
2019-03-14,-25.795357142857142,11.114285714285714,-25861.248,2.5,4.0
2019-03-21,-25.681071428571425,12.214285714285714,-26046.144,2.4,0.0
2019-03-28,-25.707142857142856,12.62857142857143,-25695.977142857144,2.4857142857142853,0.0
2019-04-04,-25.509999999999998,11.757142857142856,-23655.826285714287,2.6571428571428575,44.6
2019-04-11,-25.52857142857143,11.928571428571429,-24240.50742857143,2.6,21.4
2019-04-18,-25.5,15.685714285714285,-24635.478857142858,2.628571428571429,19.0
2019-04-25,-25.455714285714286,14.1,-23975.259428571426,2.7,8.0
2019-05-02,-25.395714285714288,12.985714285714286,-24362.701714285715,2.7,24.0
2019-05-09,-25.68,13.571428571428571,-23510.427428571427,2.9,16.0
2019-05-16,-25.345714285714287,15.428571428571429,-20943.483428571428,2.957142857142857,26.0
2019-05-23,-25.208571428571428,17.742857142857144,-21052.34742857143,3.1,63.4
2019-05-30,-25.204285714285714,19.414285714285715,-23405.019428571428,2.9857142857142853,5.8
2019-06-06,-25.315714285714286,25.285714285714285,-27408.54857142857,2.7,0.0
2019-06-13,-25.40142857142857,25.82857142857143,-26475.181714285714,2.5714285714285716,0.8
2019-06-20,-25.442857142857143,26.314285714285713,-25960.48457142857,2.4857142857142853,2.0
2019-06-27,-25.674285714285713,28.842857142857145,-27605.951999999997,2.4,0.0
2019-07-04,-26.02285714285714,27.614285714285717,-27515.52,2.3285714285714283,7.2
2019-07-11,-25.784285714285716,22.857142857142858,-24691.330285714288,2.371428571428571,27.0
2019-07-18,-26.00714285714286,27.514285714285712,-29753.506285714284,2.257142857142857,0.0
2019-07-25,-26.032857142857143,26.7,-24463.419428571426,2.357142857142857,60.2
2019-08-01,-26.09,26.342857142857145,-26286.706285714285,2.257142857142857,0.0
2019-08-08,-26.352857142857143,28.571428571428573,-30496.51542857143,2.1285714285714286,0.0
2019-08-15,-26.32,26.514285714285712,-28905.089142857145,2.1,0.0
2019-08-22,-26.271428571428572,24.37142857142857,-26798.934857142856,2.2714285714285714,30.2
2019-08-29,-26.19,23.74285714285714,-27469.522285714283,2.3857142857142857,0.4
2019-09-05,-26.277142857142856,21.157142857142855,-28028.777142857143,2.3285714285714283,10.2
2019-09-12,-26.50142857142857,22.571428571428573,-26729.444571428572,2.2142857142857144,0.2
2019-09-19,-26.56,18.928571428571427,-26824.978285714285,2.3428571428571425,31.400000000000002
2019-09-26,-26.59,20.714285714285715,-26032.690285714285,2.2714285714285714,23.0
2019-10-03,-26.641428571428573,15.928571428571429,-25992.452571428574,2.3428571428571425,10.4
2019-10-10,-26.777142857142856,17.87142857142857,-27177.613714285715,2.3,0.6
2019-10-17,-26.81714285714286,16.95714285714286,-26912.61257142857,2.3,0.0
2019-10-24,-26.784285714285716,15.914285714285715,-25524.53485714286,2.3,9.2
2019-10-31,-26.71142857142857,14.77142857142857,-24598.944,2.542857142857143,37.4
2019-11-07,-26.65142857142857,11.114285714285714,-27522.226285714285,2.757142857142857,38.6
2019-11-14,-26.521428571428572,11.357142857142858,-26229.312,3.0142857142857147,56.6
2019-11-21,-26.51142857142857,11.728571428571428,-28171.954285714284,2.685714285714286,10.2
2019-11-28,-26.495714285714286,7.871428571428572,-27459.52457142857,2.7857142857142856,22.8
2019-12-05,-26.25714285714286,8.628571428571428,-24223.721142857143,2.7,2.8
2019-12-12,-26.095714285714283,7.6000000000000005,-23904.041142857142,2.7714285714285714,5.8
2019-12-19,-25.90857142857143,9.514285714285714,-22981.782857142854,3.1714285714285713,33.8
2019-12-26,-25.834285714285716,3.3428571428571425,-23123.35542857143,2.7285714285714286,0.0
2020-01-02,-25.675714285714285,4.485714285714286,-23444.022857142856,2.585714285714286,0.2
2020-01-09,-25.66,3.557142857142857,-26477.650285714284,2.5,0.0
2020-01-16,-25.541428571428572,5.428571428571429,-29099.64342857143,2.4714285714285715,6.2
2020-01-23,-25.419999999999998,7.642857142857143,-29152.594285714287,2.4714285714285715,8.8
2020-01-30,-25.384285714285713,10.842857142857143,-29507.328,2.4285714285714284,2.2
2020-02-06,-25.332857142857144,7.8999999999999995,-28011.497142857144,2.414285714285714,0.0
2020-02-13,-25.244285714285716,8.785714285714286,-27819.19542857143,2.4285714285714284,8.4
2020-02-20,-25.16714285714286,9.185714285714285,-28223.053714285714,2.4,2.8
2020-02-27,-25.108571428571427,9.042857142857143,-28405.11085714286,2.7285714285714286,41.4
2020-03-05,-25.072857142857142,9.142857142857142,-28728.617142857143,2.9,30.2
2020-03-12,-25.02,10.857142857142858,-26720.804571428573,2.628571428571429,0.0
2020-03-19,-24.87142857142857,8.942857142857143,-25638.58285714286,2.5142857142857147,3.5999999999999996
2020-03-26,-24.728571428571428,9.614285714285714,-24913.810285714284,2.7142857142857144,0.4
2020-04-02,-24.81142857142857,11.714285714285714,-26985.55885714286,2.542857142857143,0.0
2020-04-09,-24.885714285714283,14.228571428571428,-27082.697142857145,2.4857142857142853,0.0
2020-04-16,-24.810000000000002,15.057142857142855,-21381.654857142858,2.442857142857143,20.0
2020-04-23,-24.738571428571426,15.799999999999999,-23630.893714285714,2.457142857142857,21.599999999999998
2020-04-30,-24.705714285714286,17.585714285714285,-23264.18742857143,2.6142857142857143,0.6
2020-05-07,-24.714285714285715,19.099999999999998,-23532.64457142857,2.457142857142857,0.6
2020-05-14,-24.67142857142857,20.114285714285717,-22140.98742857143,2.4285714285714284,22.200000000000003
2020-05-21,-24.785714285714285,19.67142857142857,-26773.75542857143,2.4714285714285715,0.0
2020-05-28,-24.697142857142858,17.214285714285715,-25591.062857142857,2.414285714285714,24.6
2020-06-04,-24.638571428571428,18.785714285714285,-24567.09942857143,2.6285714285714286,46.2
2020-06-11,-24.75142857142857,19.2,-27178.416,2.7714285714285714,20.0
2020-06-18,-24.822857142857142,21.942857142857143,-28030.13485714286,2.6,1.4
2020-06-25,-25.145,26.383333333333336,-31131.504,2.433333333333333,0.0
